V-T05,C-NRF,C-AMF,C-SMF,C-UPF,C-SUPPLY,C-NF,P(C-NF=True)
0,0,0,0,0,0,1,0.0500
0,0,0,0,0,0,0,0.9500
0,0,0,0,0,1,1,0.4538
0,0,0,0,0,1,0,0.5462
0,0,0,0,1,0,1,0.4538
0,0,0,0,1,0,0,0.5462
0,0,0,0,1,1,1,0.6859
0,0,0,0,1,1,0,0.3141
0,0,0,1,0,0,1,0.4538
0,0,0,1,0,0,0,0.5462
0,0,0,1,0,1,1,0.6859
0,0,0,1,0,1,0,0.3141
0,0,0,1,1,0,1,0.6859
0,0,0,1,1,0,0,0.3141
0,0,0,1,1,1,1,0.8194
0,0,0,1,1,1,0,0.1806
0,0,1,0,0,0,1,0.4538
0,0,1,0,0,0,0,0.5462
0,0,1,0,0,1,1,0.6859
0,0,1,0,0,1,0,0.3141
0,0,1,0,1,0,1,0.6859
0,0,1,0,1,0,0,0.3141
0,0,1,0,1,1,1,0.8194
0,0,1,0,1,1,0,0.1806
0,0,1,1,0,0,1,0.6859
0,0,1,1,0,0,0,0.3141
0,0,1,1,0,1,1,0.8194
0,0,1,1,0,1,0,0.1806
0,0,1,1,1,0,1,0.8194
0,0,1,1,1,0,0,0.1806
0,0,1,1,1,1,1,0.8962
0,0,1,1,1,1,0,0.1038
0,1,0,0,0,0,1,0.4538
0,1,0,0,0,0,0,0.5462
0,1,0,0,0,1,1,0.6859
0,1,0,0,0,1,0,0.3141
0,1,0,0,1,0,1,0.6859
0,1,0,0,1,0,0,0.3141
0,1,0,0,1,1,1,0.8194
0,1,0,0,1,1,0,0.1806
0,1,0,1,0,0,1,0.6859
0,1,0,1,0,0,0,0.3141
0,1,0,1,0,1,1,0.8194
0,1,0,1,0,1,0,0.1806
0,1,0,1,1,0,1,0.8194
0,1,0,1,1,0,0,0.1806
0,1,0,1,1,1,1,0.8962
0,1,0,1,1,1,0,0.1038
0,1,1,0,0,0,1,0.6859
0,1,1,0,0,0,0,0.3141
0,1,1,0,0,1,1,0.8194
0,1,1,0,0,1,0,0.1806
0,1,1,0,1,0,1,0.8194
0,1,1,0,1,0,0,0.1806
0,1,1,0,1,1,1,0.8962
0,1,1,0,1,1,0,0.1038
0,1,1,1,0,0,1,0.8194
0,1,1,1,0,0,0,0.1806
0,1,1,1,0,1,1,0.8962
0,1,1,1,0,1,0,0.1038
0,1,1,1,1,0,1,0.8962
0,1,1,1,1,0,0,0.1038
0,1,1,1,1,1,1,0.9403
0,1,1,1,1,1,0,0.0597
1,0,0,0,0,0,1,0.4538
1,0,0,0,0,0,0,0.5462
1,0,0,0,0,1,1,0.6859
1,0,0,0,0,1,0,0.3141
1,0,0,0,1,0,1,0.6859
1,0,0,0,1,0,0,0.3141
1,0,0,0,1,1,1,0.8194
1,0,0,0,1,1,0,0.1806
1,0,0,1,0,0,1,0.6859
1,0,0,1,0,0,0,0.3141
1,0,0,1,0,1,1,0.8194
1,0,0,1,0,1,0,0.1806
1,0,0,1,1,0,1,0.8194
1,0,0,1,1,0,0,0.1806
1,0,0,1,1,1,1,0.8962
1,0,0,1,1,1,0,0.1038
1,0,1,0,0,0,1,0.6859
1,0,1,0,0,0,0,0.3141
1,0,1,0,0,1,1,0.8194
1,0,1,0,0,1,0,0.1806
1,0,1,0,1,0,1,0.8194
1,0,1,0,1,0,0,0.1806
1,0,1,0,1,1,1,0.8962
1,0,1,0,1,1,0,0.1038
1,0,1,1,0,0,1,0.8194
1,0,1,1,0,0,0,0.1806
1,0,1,1,0,1,1,0.8962
1,0,1,1,0,1,0,0.1038
1,0,1,1,1,0,1,0.8962
1,0,1,1,1,0,0,0.1038
1,0,1,1,1,1,1,0.9403
1,0,1,1,1,1,0,0.0597
1,1,0,0,0,0,1,0.6859
1,1,0,0,0,0,0,0.3141
1,1,0,0,0,1,1,0.8194
1,1,0,0,0,1,0,0.1806
1,1,0,0,1,0,1,0.8194
1,1,0,0,1,0,0,0.1806
1,1,0,0,1,1,1,0.8962
1,1,0,0,1,1,0,0.1038
1,1,0,1,0,0,1,0.8194
1,1,0,1,0,0,0,0.1806
1,1,0,1,0,1,1,0.8962
1,1,0,1,0,1,0,0.1038
1,1,0,1,1,0,1,0.8962
1,1,0,1,1,0,0,0.1038
1,1,0,1,1,1,1,0.9403
1,1,0,1,1,1,0,0.0597
1,1,1,0,0,0,1,0.8194
1,1,1,0,0,0,0,0.1806
1,1,1,0,0,1,1,0.8962
1,1,1,0,0,1,0,0.1038
1,1,1,0,1,0,1,0.8962
1,1,1,0,1,0,0,0.1038
1,1,1,0,1,1,1,0.9403
1,1,1,0,1,1,0,0.0597
1,1,1,1,0,0,1,0.8962
1,1,1,1,0,0,0,0.1038
1,1,1,1,0,1,1,0.9403
1,1,1,1,0,1,0,0.0597
1,1,1,1,1,0,1,0.9403
1,1,1,1,1,0,0,0.0597
1,1,1,1,1,1,1,0.9657
1,1,1,1,1,1,0,0.0343
