threat_id,pre_likelihood,pre_impact,post_likelihood,post_impact,control_reference,rationale
V-T01,6.9,6.4,6.3,5.8,TS 33.501 §5.1.1,anti-downgrade; likelihood-only effect
V-T02,7.2,6.0,7.2,6.0,N/A (4G EPC limitation),architectural limitation; unchanged
V-T03,5.2,4.6,5.2,4.6,TS 33.501 §6.1,authentication likelihood only; impact unchanged
V-T04,5.1,7.5,4.5,5.5,"TS 33.501 §13.1, §13.4.1.3","mutual TLS, NRF authentication"
V-T05,5.5,6.5,4.8,5.2,TS 33.501 §13.4.1,OAuth 2.0 based authorisation
V-T06,6.4,4.1,5.2,3.5,TS 33.501 §6.4.7,SMS over NAS security
V-T07,5.0,7.4,4.5,5.8,TS 33.501 Annex T,edge computing security
V-T08,5.6,5.0,4.8,4.2,TS 33.501 Annex T,edge computing security
V-T09,5.8,5.9,5.0,4.5,"TS 33.501 Annex T, §9",edge transport security
V-T10,5.0,3.8,4.5,3.2,TS 33.501 §16.2,slice access authorisation
V-T11,5.0,4.5,4.5,3.8,TS 33.501 §16,network slice security
V-T12,4.6,8.2,4.2,7.5,TS 33.501 §16.3,slice-specific authentication
V-T13,5.1,4.4,4.5,3.8,TS 33.501 §6.1,registration integrity
V-T14,4.8,6.5,4.2,5.2,TS 33.501 §6.1,SUCI encryption
V-T15,5.8,4.9,5.0,4.2,TS 33.501 §6.1,SQN management
