threat_id,skill_level,motive,opportunity,size,TAF,ease_of_discovery,ease_of_exploit,awareness,intrusion_detection,VF,likelihood,loss_confidentiality,loss_integrity,loss_availability,loss_accountability,TI,financial_damage,reputation_damage,non_compliance,privacy_violation,BI,impact
V-T01,7,6,7,7,6.8,7,8,7,6,7.0,6.9,4,5,7,5,5.2,7,8,7,8,7.5,6.4
V-T02,7,7,7,7,7.0,8,8,7,7,7.5,7.2,5,5,5,4,4.8,7,8,6,8,7.2,6.0
V-T03,5,5,6,6,5.5,5,5,5,5,5.0,5.2,4,5,5,4,4.5,5,5,4,5,4.8,4.6
V-T04,6,5,5,6,5.5,5,5,4,5,4.8,5.1,8,7,7,6,7.0,8,8,7,9,8.0,7.5
V-T05,5,5,5,4,4.8,7,7,5,6,6.2,5.5,7,6,7,5,6.2,7,7,6,7,6.8,6.5
V-T06,6,6,7,6,6.2,7,7,6,6,6.5,6.4,4,3,5,4,4.0,4,5,4,4,4.2,4.1
V-T07,6,5,6,6,5.8,4,4,5,4,4.2,5.0,8,8,7,7,7.5,8,7,7,7,7.2,7.4
V-T08,6,6,6,6,6.0,5,5,6,5,5.2,5.6,5,5,5,5,5.0,5,5,5,5,5.0,5.0
V-T09,6,5,7,6,6.0,6,5,6,5,5.5,5.8,5,5,4,5,4.8,7,7,6,8,7.0,5.9
V-T10,5,5,6,5,5.2,5,5,4,5,4.8,5.0,3,4,4,3,3.5,4,4,4,4,4.0,3.8
V-T11,5,5,6,6,5.5,4,4,5,5,4.5,5.0,4,5,4,4,4.2,5,5,4,5,4.8,4.5
V-T12,5,5,5,6,5.2,4,4,3,5,4.0,4.6,8,8,7,7,7.5,9,9,8,9,8.8,8.2
V-T13,6,5,6,5,5.5,5,5,4,5,4.8,5.1,3,4,4,4,3.8,5,5,4,6,5.0,4.4
V-T14,6,5,5,6,5.5,4,4,4,4,4.0,4.8,5,5,4,6,5.0,8,8,7,9,8.0,6.5
V-T15,6,5,7,6,6.0,6,5,5,6,5.5,5.8,5,5,5,5,5.0,5,5,4,5,4.8,4.9
